ID;Strecke;Netz;Kategorie;Specialcase;Uumzuleitenden Züge;Verspätungen = / > 5 Minuten;Zugausfälle;Zugvorplanfahrten;gesamte Veränderungen;abweichende / ausfallende Verkehrshalte;Zugbezogende Reglungen; örtliche Leistungen;KiGBAU;Maßnahmenart;Dauer in Tagen;Minuten
20019;103;Netz Mitte;K1;1;0;9;0;0;9;0;0;4,5;1;A;2;100
20020;103;Netz Mitte;K1;1;0;6;0;0;6;0;0;3;1;A;9;70
20020;104;Netz Ost;K1;1;0;0;0;0;0;0;0;0;0;A;9;43
20021;103;Netz Mitte;K1;1;0;0;8;0;8;0;0;4;1;A;3;91
20021;130;Netz West;K1;1;0;0;2;0;2;0;0;1;0;A;3;65
20028;104;Netz Ost;K10;1;0;449;855;138;1442;0;0;721;0;A;31;668
20028;104;Netz Ost;K1;1;0;0;2;12;14;0;0;7;0;A;1;149
20032;130;Netz West;K1;1;0;1;1;0;2;0;0;1;1;A;2;51
20043;104;Netz Ost;K5;1;0;0;34;0;34;0;0;17;1;A;4;311
20043;103/131;Netz Mitte;K5;1;0;0;6;0;6;0;0;3;0;A;4;271
20048;104;Netz Ost;K1;1;0;5;0;0;5;0;0;2,5;1;A;4;138
20050;104;Netz Ost;K1;1;0;0;0;0;0;0;0;0;1;A;3;102
20074;104;Netz Ost;K10;1;4;4;0;0;8;8;0;4;1;A;25;436
20074;104;Netz Ost;K10;1;2;20;35;5;62;4;0;31;0;A;6;441
20075;103/131;Netz Mitte;K5;1;0;0;83;0;83;0;0;41,5;1;A;3;529
20087;104;Netz Ost;K1;1;1;0;0;0;1;0;0;0,5;1;B;3;131
20114;103;Netz Mitte;K1;1;0;1;0;0;1;0;0;0,5;1;A;1;132
20116;104;Netz Ost;K1;1;1;0;0;0;1;0;0;0,5;1;A;7;93
20127;104;Netz Ost;K1;1;0;0;4;0;4;0;0;2;1;A;2;161
20140;103/131;Netz  Mitte;K1;1;0;0;0;0;0;0;0;0;0;A;2;47
20140;103/131;Netz Mitte;K1;1;0;0;0;0;0;0;0;0;1;A;2;51
20142;103;Netz Mitte;K5;1;0;0;0;0;0;0;0;0;1;A;2;501
20142;130;Netz West;K1;1;0;0;0;0;0;0;0;0;0;A;2;128
20143;130;Netz West;K1;1;0;0;2;0;2;0;0;1;0;A;1;30
20143;103;Netz Mitte;K1;1;0;8;5;0;13;0;0;6,5;1;A;1;57
20143;131;Netz Mitte;K1;1;0;2;2;0;4;0;0;2;1;B;2;91
20143;134;Netz Nord;K1;1;0;1;4;0;5;0;0;2,5;0;B;2;65
20144;103;Netz Mitte;K1;1;0;0;0;0;0;0;0;0;1;A;1;14
20151;131;Netz Mitte;K1;1;0;2;0;2;4;0;0;2;1;A;12;138
20152;131;Netz Mitte;K1;1;0;1;0;0;1;0;0;0,5;1;B;1;119
20152;131;Netz Mitte;K1;1;0;2;0;0;2;0;0;1;0;B;1;106
20162;103;Netz Mitte;K1;1;0;8;0;0;8;6;0;4;1;A;2;174
20162;130;Netz West;K1;1;0;0;3;0;3;0;1;2;0;A;2;168
20169;104;Netz Ost;K5;1;4;15;90;4;113;0;0;56,5;1;A;13;589
20171;104;Netz Ost;K5;1;0;3;29;2;34;0;0;17;1;A;4;591
20171;104;Netz Ost;K1;1;0;0;1;1;2;0;0;1;0;A;1;176
20213;130;Netz West;K5;1;0;8;0;0;8;0;0;4;1;A;7;51
20214;103;Netz Mitte;K1;1;0;5;0;0;5;0;0;2,5;1;A;3;45
20215;103;Netz Mitte;K1;1;0;2;2;2;6;0;0;3;1;A;2;189
20216;103;Netz Mitte;K1;1;0;2;0;0;2;0;0;1;1;A;1;112
20217;134;Netz Nord;K1;1;0;3;8;4;15;0;0;7,5;0;A;4;168
20217;131;Netz Mitte;K1;1;0;8;0;1;9;0;0;4,5;1;A;4;168
20218;130;Netz West;K1;1;0;0;8;0;8;0;0;4;1;A;5;176
20219;103;Netz Mitte;K1;1;0;2;0;0;2;0;0;1;1;A;2;137
20221;130;Netz West;K5;1;0;0;10;0;10;0;0;5;0;A;7;16
20222;130;Netz West;K5;1;0;33;75;0;108;0;0;54;0;A;12;75
20223;131;Netz Mitte;K1;1;0;1;8;1;10;0;0;5;1;A;6;179
20230;104;Netz Ost;K5;1;0;4;24;0;28;0;0;14;1;A;5;527
20231;104;Netz Ost;K5;1;0;9;196;4;209;12;0;104,5;0;A;3;530
20231;104;Netz Ost;K5;1;0;0;0;0;0;0;0;0;0;A;3;44
20244;103;Netz Mitte;K1;1;0;4;0;0;4;0;0;2;1;A;9;46
20244;130;Netz West;K5;1;0;0;9;0;9;0;1;5;0;A;9;532
20244;103;Netz Mitte;K5;1;0;2;0;0;2;0;0;1;0;A;1;381
20244;130;Netz West;K5;1;0;0;0;0;0;0;0;0;0;A;1;450
20245;103;Netz Mitte;K1;1;0;0;0;0;0;0;0;0;0;A;1;36
20245;130;Netz West;K1;1;0;0;3;0;3;0;0;1,5;0;A;9;41
20245;103;Netz Mitte;K5;1;0;0;8;0;8;0;0;4;0;A;9;452
20245;103;Netz Mitte;K5;1;0;0;8;0;8;0;0;4;0;A;14;476
20245;130;Netz West;K1;1;0;0;6;0;6;0;0;3;0;A;14;168
20247;103;Netz Mitte;K1;1;0;2;0;0;2;0;0;1;0;A;4;133
20248;130;Netz West;K1;1;0;0;0;0;0;0;0;0;1;A;4;9
20248;130;Netz West;K1;1;0;0;0;0;0;0;0;0;0;A;2;5
20249;103;Netz Mitte;K1;1;2;4;0;0;6;0;0;3;1;A;15;137
20252;145A;Netz Ost;K5;1;0;56;216;0;272;0;0;136;0;A;6;534
20255;145A;Netz Ost;K1;1;0;0;154;0;154;0;0;77;1;A;5;198
20255;145A;Netz Ost;K1;1;0;0;39;0;39;0;0;19,5;0;A;2;187
20290;104;Netz Ost;K1;1;1;0;0;0;1;0;0;0,5;1;A;2;132
20292;104;Netz Ost;K1;1;0;0;0;0;0;0;0;0;0;A;1;11
20293;104;Netz Ost;K1;1;5;0;0;0;5;0;0;2,5;0;A;7;132
20295;104;Netz Ost;K1;1;2;0;0;0;2;0;0;1;1;A;3;132
20299;104;Netz Ost;K1;1;0;10;0;0;10;0;0;5;1;A;2;138
20305;104;Netz Ost;K10;1;0;57;168;35;260;0;0;130;1;A;4;726
20307;104;Netz Ost;K1;1;0;3;7;2;12;0;0;6;0;A;5;182
20308;104;Netz Ost;K10;1;0;60;138;40;238;0;0;119;1;A;4;662
20309;104;Netz Ost;K5;1;0;45;63;0;108;0;0;54;1;A;3;593
20309;104;Netz Ost;K1;1;0;1;2;0;3;0;0;1,5;0;A;1;184
20312;104;Netz Ost;K1;1;0;0;18;0;18;0;0;9;0;A;3;157
20312;103/131;Netz Mitte;K10;1;222;7;0;0;229;222;222;225,5;0;A;4;441
20321;130;Netz West;K5;1;0;224;178;340;742;0;0;371;1;A;14;560
20322;130;Netz West;K10;1;0;116;76;81;273;0;0;136,5;0;A;4;100
20330;104;Netz Ost;K1;1;0;6;0;0;6;0;0;3;1;A;2;54
20335;104;Netz Ost;K1;1;0;0;8;0;8;0;0;4;0;A;2;44
20340;104;Netz Ost;K1;1;0;0;0;0;0;0;3;0;0;A;3;28
20340;103;Netz Mitte;K1;1;12;0;0;0;12;12;12;12;1;A;3;167
20341;103;Netz Mitte;K1;1;0;1;0;0;1;0;0;0,5;1;A;6;40
20346;104;Netz Ost;K1;1;0;3;4;0;7;0;0;3,5;1;A;2;50
20350;103;Netz Mitte;K1;1;0;17;0;0;17;0;0;8,5;1;A;7;46
20352;146;Netz Nord;K5;1;0;0;8;0;8;0;0;4;1;A;2;479
20353;104;Netz Ost;K1;1;0;0;8;0;8;0;0;4;0;A;2;44
20354;134;Netz Nord;K1;1;0;0;9;0;9;0;0;4,5;1;A;2;49
20356;104;Netz Ost;K1;1;0;0;0;0;0;0;0;0;1;A;1;14
20357;104;Netz Ost;K1;1;0;1;0;1;2;0;0;1;1;A;2;137
20358;104;Netz Ost;K5;1;0;12;28;8;48;0;0;24;1;A;5;62
20367;104;Netz Ost;K1;1;2;0;0;0;2;0;0;1;1;A;3;131
20367;104;Netz Ost;K1;1;1;0;0;0;1;0;0;0,5;0;A;1;136
20379;104;Netz Ost;K1;1;0;1;0;0;1;0;0;0,5;1;A;9;140
20384;104;Netz Ost;K1;1;0;0;8;0;8;0;0;4;1;A;4;161
20384;104;Netz Ost;K1;1;0;0;0;0;0;0;0;0;0;A;6;84
20385;135;Netz Nord;K5;1;0;0;186;0;186;0;0;93;1;A;6;472
20386;104;Netz Ost;K1;1;0;3;0;0;3;0;0;1,5;1;A;6;50
20386;104;Netz Ost;K1;1;0;1;0;0;1;0;0;0,5;0;A;1;35
20389;131;Netz Mitte;K1;1;0;0;0;0;0;0;0;0;1;A;3;14
20391;134;Netz Nord;K1;1;0;1;2;0;3;0;0;1,5;1;A;1;55
20392;130;Netz West;K1;1;0;1;0;0;1;0;0;0,5;1;A;2;50
20393;134;Netz Nord;K1;1;0;1;4;0;5;0;0;2,5;1;A;2;192
20393;131;Netz Mitte;K1;1;0;1;2;0;3;0;0;1,5;0;A;2;171
20394;134;Netz Nord;K1;1;0;3;0;0;3;0;0;1,5;1;A;2;54
20395;130;Netz West;K1;1;0;0;0;0;0;0;0;0;1;A;3;9
20395;130;Netz West;K1;1;0;0;0;0;0;0;0;0;0;A;4;5
20396;103;Netz Mitte;K1;1;0;2;0;0;2;0;0;1;1;A;3;45
20397;131;Netz Mitte;K1;1;0;1;0;0;1;0;0;0,5;1;B;1;99
20397;134;Netz Nord;K1;1;0;1;1;0;2;0;0;1;0;B;1;145
20399;104;Netz Ost;K10;1;0;10;144;1;155;8;0;77,5;0;A;4;721
20400;104;Netz Ost;K1;1;0;0;12;0;12;0;0;6;1;A;3;44
20406;131;Netz Mitte;K1;1;0;0;0;0;0;0;0;0;1;A;2;10
20407;103;Netz Mitte;K1;1;0;4;0;0;4;0;0;2;1;A;2;45
20409;130;Netz West;K1;1;0;3;0;0;3;0;0;1,5;1;A;2;49
20412;104;Netz Ost;K1;1;0;0;0;0;0;0;0;0;1;A;3;14
20415;131;Netz Mitte;K1;1;0;3;0;0;3;0;0;1,5;1;B;4;55
20415;134;Netz Nord;K1;1;0;1;0;0;1;0;0;0,5;0;B;4;45
20417;131;Netz Mitte;K1;1;0;5;0;0;5;0;0;2,5;1;B;2;52
20420;103/131;Netz Mitte;K10;1;370;0;0;0;370;370;370;370;0;A;15;441
20420;104;Netz Ost;K1;1;18;0;0;0;18;0;0;9;0;A;15;123
20431;103;Netz Mitte;K1;1;0;4;0;3;7;0;0;3,5;1;B;4;55
20435;130;Netz West;K1;1;0;1;0;0;1;0;0;0,5;1;B;5;51
20436;135;Netz Nord;K5;1;0;0;930;0;930;0;0;465;0;A;26;467
20437;104;Netz Ost;K5;1;0;0;139;0;139;0;71;105;1;A;7;530
20437;104;Netz Ost;K5;1;0;0;42;0;42;0;143;92,5;0;A;7;519
20438;104;Netz Ost;K1;1;0;0;0;0;0;0;0;0;0;A;25;10
20438;104;Netz Ost;K1;1;0;0;0;0;0;0;0;0;0;A;31;5
20438;104;Netz Ost;K1;1;0;0;0;0;0;0;0;0;0;A;30;5
20438;134;Netz Nord;K1;1;0;1;4;0;5;0;0;2,5;1;B;2;88
20439;103/131;Netz Mitte;K1;1;0;4;0;0;4;0;0;2;1;B;6;52
20440;104;Netz Ost;K10;1;0;111;320;38;469;0;0;234,5;0;A;6;723
20440;104;Netz Ost;K1;1;0;0;0;0;0;0;0;0;0;A;15;6
20440;140;Netz Ost;K1;1;0;1;0;0;1;0;0;0,5;0;A;19;33
20440;104;Netz Ost;K5;1;0;8;165;0;173;0;0;86,5;0;A;6;582
20440;104;Netz Ost;K5;1;0;6;169;0;175;0;0;87,5;0;A;7;577
20441;140;Netz Ost;K5;1;0;0;8;0;8;0;0;4;1;A;6;484
20441;104;Netz Ost;K1;1;0;0;24;0;24;0;0;12;0;A;6;52
20442;145A;Netz Ost;K5;1;0;0;5;0;5;0;0;2,5;0;B;2;530
20442;145B;Netz Ost;K5;1;0;0;5;0;5;0;0;2,5;0;B;2;535
20442;140;Netz Ost;K1;1;0;0;2;0;2;0;0;1;0;B;2;182
20442;104;Netz Ost;K5;1;0;0;4;0;4;0;0;2;0;B;2;520
20446;130;Netz West;K5;1;0;0;8;0;8;0;0;4;1;A;4;418
20447;146;Netz Nord;K5;1;0;0;78;0;78;0;0;39;0;A;3;529
20458;103;Netz Mitte;K1;1;0;1;0;0;1;0;0;0,5;1;B;10;56
20460;103;Netz Mitte;K1;1;2;2;0;0;4;2;0;2;1;B;1;67
20461;103;Netz Mitte;K1;1;0;0;0;0;0;0;0;0;1;B;1;54
20485;104;Netz Ost;K1;1;0;0;0;0;0;0;0;0;0;A;10;10
20490;130;Netz West;K1;1;0;1;0;0;1;0;0;0,5;1;B;2;51
20491;131;Netz Mitte;K1;1;0;5;0;0;5;0;0;2,5;1;A;5;48
20491;134;Netz Nord;K1;1;0;8;0;0;8;0;0;4;0;A;5;40
20498;104;Netz Ost;K1;1;0;0;0;0;0;0;0;0;1;B;2;52
20499;104;Netz Ost;K1;1;0;2;0;0;2;0;0;1;1;B;3;55
20505;130;Netz West;K1;1;0;0;0;0;0;0;0;0;1;A;2;14
20507;103;Netz Mitte;K1;1;0;2;0;0;2;0;0;1;1;A;2;45
20544;134;Netz Nord;K1;1;0;0;1;0;1;0;0;0,5;1;B;1;73
20550;130;Netz West;K1;1;0;0;0;0;0;0;0;0;1;A;7;55
20551;103;Netz Mitte;K1;1;0;0;0;0;0;0;0;0;1;B;2;9
20552;103;Netz Mitte;K5;1;23;4;0;0;27;23;23;25;1;A;3;499
20569;103;Netz Mitte;K5;1;0;0;0;0;0;0;0;0;1;A;12;468
20569;103;Netz Mitte;K5;1;0;0;0;0;0;0;0;0;0;A;31;460
20569;103;Netz Mitte;K5;1;8;0;0;0;8;8;8;8;0;A;30;485
20569;103;Netz Mitte;K5;1;8;0;0;0;8;8;8;8;0;A;31;484
20569;103;Netz Mitte;K1;1;0;0;0;0;0;0;0;0;0;A;15;7
20584;145A;Netz Ost;K1;1;0;0;9;0;9;0;0;4,5;1;A;2;50
20592;103/131;Netz Mitte;K5;1;54;0;0;0;54;54;54;54;1;A;11;576
20592;103/131;Netz Mitte;K5;1;134;0;0;0;134;134;134;134;0;A;30;566
20594;104;Netz Ost;K1;1;0;7;0;0;7;0;0;3,5;1;A;5;133
20596;130;Netz West;K10;1;0;321;61;211;593;0;0;296,5;0;A;12;694
20596;130;Netz West;K1;1;0;0;0;0;0;0;0;0;0;A;2;19
20599;104;Netz Ost;K1;1;1;0;0;0;1;0;0;0,5;0;A;3;115
20621;130;Netz West;K1;1;0;0;0;0;0;0;0;0;0;B;2;7
20621;130;Netz West;K10;1;0;31;40;143;214;0;0;107;1;B;18;698
20622;130;Netz West;K1;1;0;1;0;0;1;0;0;0,5;1;A;2;77
20623;130;Netz West;K5;1;0;0;14;0;14;0;0;7;0;A;15;559
20624;103;Netz Mitte;K1;1;0;3;0;0;3;0;0;1,5;1;A;4;51
20625;103;Netz Mitte;K1;1;0;2;0;0;2;0;0;1;1;B;2;76
20628;103;Netz Mitte;K1;1;0;1;0;0;1;0;0;0,5;1;B;2;56
20639;104;Netz Ost;K5;1;0;0;11;0;11;0;0;5,5;0;A;1;483
20639;104;Netz Ost;K10;1;0;41;213;0;254;11;0;127;0;A;4;712
20639;104;Netz Ost;K1;1;0;0;0;0;0;0;0;0;0;A;4;6
20647;104;Netz Ost;K1;1;0;7;11;0;18;0;0;9;1;A;3;197
20650;104;Netz Ost;K1;1;0;0;0;0;0;0;0;0;0;A;3;52
20650;140;Netz Ost;K1;1;0;0;0;0;0;0;0;0;0;A;3;43
20650;104;Netz Ost;K1;1;0;0;0;0;0;0;0;0;0;A;12;43
20650;140;Netz Ost;K1;1;0;0;0;0;0;0;0;0;0;A;12;43
20651;104;Netz Ost;K1;1;0;0;0;0;0;0;0;0;1;A;3;12
20666;130;Netz West;K1;1;0;3;0;0;3;0;0;1,5;1;B;10;35
20696;104;Netz Ost;K10;1;0;77;178;0;255;0;54;154,5;0;A;8;723
20711;104;Netz Ost;K1;1;3;0;0;0;3;0;0;1,5;1;A;6;105
20717;130;Netz West;K1;1;0;1;0;0;1;0;0;0,5;0;A;8;35
20717;103/131;Netz Mitte;K5;1;0;0;6;0;6;0;0;3;1;A;8;390
20718;103;Netz Mitte;K1;1;0;2;1;0;3;0;0;1,5;1;A;8;142
20718;131;Netz Mitte;K5;1;0;5;95;0;100;0;0;50;0;A;8;489
20718;130;Netz West;K1;1;0;1;0;0;1;0;0;0,5;0;A;8;40
20721;130;Netz West;K1;1;0;0;2;0;2;0;0;1;1;B;1;20
20746;104;Netz Ost;K1;1;0;0;0;0;0;0;0;0;1;A;5;57
20749;104;Netz Ost;K5;1;0;17;8;0;25;0;0;12,5;1;A;7;51
20752;104;Netz Ost;K10;1;8;39;222;1;270;8;0;135;0;A;6;666
20752;104;Netz Ost;K1;1;0;0;0;0;0;0;0;0;0;A;1;6
20765;130;Netz West;K1;1;0;0;0;1;1;0;0;0,5;1;B;5;40
20768;134;Netz Nord;K1;1;0;0;10;0;10;0;0;5;1;B;2;161
20769;146;Netz Nord;K1;1;0;0;4;0;4;0;0;2;1;B;2;171
20771;145B;Netz Ost;K1;1;0;2;6;0;8;0;0;4;1;B;2;44
20775;146;Netz Nord;K5;1;0;0;222;0;222;0;0;111;1;A;6;472
20832;104;Netz Ost;K1;1;0;5;0;0;5;0;0;2,5;1;A;2;152
20833;104;Netz Ost;K5;1;0;8;130;0;138;5;0;69;1;A;3;528
20833;104;Netz Ost;K1;1;0;0;0;0;0;0;0;0;0;A;1;6
20833;104;Netz Ost;K5;1;0;24;2350;31;2405;13;0;1202,5;0;A;30;577
20833;104;Netz Ost;K1;1;0;0;0;0;0;0;0;0;0;A;50;6
20833;104;Netz Ost;K5;1;0;11;1154;15;1180;8;0;590;0;A;15;517
20833;104;Netz Ost;K1;1;0;0;0;0;0;0;0;0;0;A;15;6
20833;104;Netz Ost;K1;1;0;0;0;0;0;0;0;0;0;A;1;6
20837;104;Netz Ost;K1;1;0;1;4;0;5;0;0;2,5;1;A;2;168
20838;104;Netz Ost;K1;1;0;11;0;0;11;0;0;5,5;1;A;4;138
20839;104;Netz Ost;K1;1;0;1;3;0;4;0;0;2;1;A;2;113
20840;146;Netz Nord;K5;1;0;0;42;0;42;0;0;21;1;B;11;59
20842;130;Netz West;K1;1;0;1;0;0;1;0;0;0,5;1;B;4;22
20845;104;Netz Ost;K1;1;0;0;4;0;4;0;0;2;1;A;2;160
20846;130;Netz West;K1;1;0;3;0;3;6;0;0;3;1;A;4;116
20847;103;Netz Mitte;K5;1;0;81;29;38;148;41;70;109;0;A;3;572
20847;131;Netz Mitte;K5;1;0;1;95;1;97;0;1;49;0;A;3;583
20847;130;Netz West;K1;1;0;0;0;0;0;0;0;0;0;A;3;6
20847;103;Netz Mitte;K10;1;0;502;177;278;957;231;522;739,5;0;A;19;682
20847;131;Netz Mitte;K10;1;0;3;496;2;501;0;7;254;0;A;19;718
20847;130;Netz West;K1;1;0;1;0;0;1;0;0;0,5;0;A;19;6
20857;103;Netz Mitte;K1;1;0;1;0;0;1;0;0;0,5;1;B;1;54
20871;140;Netz Ost;K1;1;0;0;1;0;1;0;0;0,5;1;A;2;52
20872;145A;Netz Ost;K1;1;0;2;0;0;2;0;0;1;1;B;3;18
20894;103/131;Netz Mitte;K1;1;0;0;0;0;0;0;0;0;1;B;1;49
20894;130;Netz West;K1;1;0;0;0;0;0;0;0;0;0;B;1;33
20899;145A;Netz Ost;K1;1;0;0;4;0;4;0;0;2;1;B;3;156
20904;103;Netz Mitte;K1;1;0;0;0;0;0;0;0;0;1;A;26;54
20919;130;Netz West;K1;1;0;1;0;0;1;0;0;0,5;1;B;1;27
20922;130;Netz West;K1;1;0;2;2;0;4;0;0;2;1;A;3;184
20923;130;Netz West;K1;1;0;3;0;0;3;0;0;1,5;1;A;3;52
20924;140;Netz Ost;K1;1;0;0;1;0;1;0;0;0,5;1;A;1;179
20924;140;Netz Ost;K1;1;0;0;2;0;2;0;0;1;0;A;1;168
20930;140;Netz Ost;K1;1;0;0;3;0;3;0;0;1,5;1;A;2;43
20935;140;Netz Ost;K1;1;0;0;5;0;5;0;0;2,5;1;A;2;47
20937;131;Netz Mitte;K1;1;0;2;0;0;2;0;0;1;0;A;1;127
20937;134;Netz Nord;K1;1;0;0;6;0;6;0;0;3;0;A;1;166
20937;134;Netz Nord;K1;1;0;0;42;0;42;0;0;21;1;A;11;192
20937;131;Netz Mitte;K1;1;0;15;0;0;15;0;0;7,5;0;A;11;127
20951;145A;Netz Ost;K1;1;0;0;3;0;3;0;0;1,5;1;A;18;32
20975;103;Netz Mitte;K1;1;0;0;0;0;0;0;0;0;1;B;2;55
21015;130;Netz West;K1;1;0;1;0;0;1;0;0;0,5;1;A;8;115
21018;131;Netz Mitte;K1;1;0;1;0;1;2;0;0;1;1;B;1;48
21018;134;Netz Nord;K1;1;0;0;3;0;3;0;0;1,5;0;A;1;33
21019;131;Netz Mitte;K1;1;0;0;0;0;0;0;0;0;1;B;1;17
21028;104;Netz Ost;K1;1;0;1;0;0;1;0;0;0,5;1;B;1;9
21029;140;Netz Ost;K1;1;0;0;5;0;5;0;0;2,5;1;A;2;47
21031;104;Netz Ost;K5;1;0;0;83;0;83;0;0;41,5;0;A;9;453
21031;145A;Netz Ost;K1;1;0;0;0;0;0;0;0;0;0;A;5;8
21032;104;Netz Ost;K5;1;0;4;22;0;26;0;0;13;0;A;19;570
21032;104;Netz Ost;K1;1;0;0;0;0;0;0;0;0;0;A;16;35
21034;104;Netz Ost;K1;1;0;5;6;0;11;0;0;5,5;1;A;3;51
21054;104;Netz Ost;K1;1;0;0;0;0;0;0;0;0;1;A;2;52
21056;131;Netz Mitte;K5;1;29;0;0;0;29;29;29;29;1;A;8;468
21056;103;Netz Mitte;K5;1;29;0;0;0;29;29;29;29;0;A;8;484
21080;104;Netz Ost;K1;1;0;8;3;0;11;0;0;5,5;1;A;4;167
21084;104;Netz Ost;K1;1;0;9;0;0;9;0;0;4,5;1;B;4;43
21088;104;Netz Ost;K1;1;0;0;0;0;0;0;0;0;0;A;11;9
21091;130;Netz West;K1;1;0;6;0;0;6;0;0;3;0;A;4;142
21097;130;Netz West;K1;1;0;1;0;0;1;0;0;0,5;0;A;3;26
21158;130;Netz West;K1;1;0;9;0;0;9;0;0;4,5;1;A;9;154
21169;130;Netz West;K1;1;0;1;0;0;1;0;0;0,5;1;B;2;83
21172;103;Netz Mitte;K1;1;0;0;0;0;0;0;0;0;1;B;2;93
21172;134;Netz Nord;K1;1;0;0;0;0;0;0;0;0;0;B;2;98
21172;146;Netz Nord;K1;1;0;2;0;0;2;0;0;1;0;B;2;119
21175;134;Netz Nord;K1;1;0;1;0;0;1;0;0;0,5;1;B;3;51
21177;103;Netz Mitte;K10;1;0;3;104;0;107;0;0;53,5;0;A;3;541
21177;103;Netz Mitte;K10;1;0;33;1046;0;1079;0;0;539,5;0;A;31;652
21177;103;Netz Mitte;K10;1;0;18;504;0;522;0;0;261;0;A;16;651
21180;133;Netz Nord;K1;1;0;0;0;0;0;0;0;0;1;A;3;9
21180;133;Netz Nord;K1;1;0;0;0;0;0;0;0;0;0;A;7;5
21183;134;Netz Nord;K5;1;0;0;572;0;572;0;0;286;0;A;15;535
21183;131;Netz Mitte;K1;1;0;29;8;0;37;0;0;18,5;0;A;15;166
21191;103;Netz Mitte;K5;1;0;12;14;0;26;0;0;13;0;A;8;53
21287;103;Netz Mitte;K1;1;4;4;0;0;8;4;0;4;1;A;2;153
21331;131;Netz Mitte;K1;1;0;0;4;0;4;0;0;2;1;A;2;176
21331;134;Netz Nord;K1;1;0;3;0;0;3;0;0;1,5;0;A;2;130
21332;130;Netz West;K5;1;0;8;32;0;40;0;0;20;0;A;2;568
21334;145B;Netz Ost;K10;1;0;0;438;0;438;0;0;219;1;A;7;727
21334;104;Netz Ost;K5;1;0;0;0;0;0;0;0;0;0;A;7;520
21334;145B;Netz Ost;K1;1;0;0;0;0;0;0;0;0;0;A;7;6
21335;146;Netz Nord;K5;1;0;0;6;0;6;0;0;3;1;B;2;463
21336;146;Netz Nord;K1;1;0;1;10;0;11;0;0;5,5;1;B;2;180
21337;145A;Netz Ost;K1;1;0;0;2;0;2;0;0;1;1;B;2;44
21345;103;Netz Mitte;K1;1;0;0;0;0;0;0;0;0;1;A;5;9
21345;103;Netz Mitte;K1;1;0;0;7;0;7;0;0;3,5;0;A;8;160
21347;103;Netz Mitte;K5;1;0;23;6;0;29;0;0;14,5;1;A;7;581
21349;103;Netz Mitte;K1;1;0;0;0;0;0;0;0;0;1;B;2;52
21357;103;Netz Mitte;K5;1;73;0;0;0;73;73;0;36,5;1;A;18;394
21357;103;Netz Mitte;K5;1;51;0;0;0;51;51;0;25,5;0;A;30;368
21357;103;Netz Mitte;K1;1;0;0;0;0;0;0;0;0;0;A;31;5
21357;103;Netz Mitte;K1;1;0;0;0;0;0;0;0;0;0;A;30;5
21359;103/131;Netz Mitte;K10;1;28;0;0;0;28;28;28;28;1;B;8;592
21361;104;Netz Ost;K1;1;1;0;0;0;1;0;0;0,5;1;B;3;35
21364;104;Netz Ost;K1;1;1;0;0;0;1;0;0;0,5;1;A;4;116
21371;140;Netz Ost;K1;1;0;0;0;0;0;0;2;1;1;A;2;55
21425;146;Netz Nord;K1;1;0;0;2;0;2;0;0;1;1;B;1;159
21426;131;Netz Mitte;K1;1;0;6;0;0;6;0;0;3;1;B;4;98
21426;134;Netz Nord;K1;1;0;3;0;0;3;0;0;1,5;0;B;4;67
21498;134;Netz Nord;K1;1;1;0;2;1;4;0;0;2;1;B;1;180
21498;146;Netz Nord;K1;1;0;0;0;0;0;0;0;0;0;B;1;128
21520;145A;Netz Ost;K1;1;0;0;2;0;2;0;0;1;1;B;1;48
21521;145A;Netz Ost;K1;1;0;0;2;0;2;0;0;1;1;B;1;51
21535;145B;Netz Ost;K1;1;0;1;4;0;5;0;0;2,5;1;B;2;179
21537;134;Netz Nord;K1;1;0;0;6;0;6;0;0;3;1;B;2;156
21538;145A;Netz Ost;K1;1;0;0;0;0;0;0;0;0;1;B;2;94
21540;145A;Netz Ost;K1;1;0;0;7;0;7;0;0;3,5;1;B;15;90
21544;130;Netz West;K1;1;0;4;0;0;4;0;0;2;1;B;5;103
21545;130;Netz West;K1;1;0;6;0;0;6;0;0;3;1;B;5;89
21571;104;Netz Ost;K1;1;0;0;0;0;0;0;0;0;1;B;1;12
21577;103;Netz Mitte;K1;1;10;0;0;0;10;0;0;5;1;B;11;90
21577;130;Netz West;K1;1;1;0;0;0;1;0;0;0,5;0;B;11;80
21577;103;Netz Mitte;K1;1;6;0;0;0;6;0;0;3;0;B;29;86
21577;130;Netz West;K1;1;0;0;0;0;0;0;0;0;0;B;29;42
21612;104;Netz Ost;K10;1;0;24;1256;16;1296;8;0;648;1;A;17;662
21612;104;Netz Ost;K10;1;0;6;379;5;390;4;0;195;0;A;6;651
21613;104;Netz Ost;K1;1;0;6;2;0;8;0;0;4;0;A;3;181
21619;103;Netz Mitte;K1;1;0;14;0;0;14;0;0;7;1;A;10;154
21621;145B;Netz Ost;K1;1;0;0;2;0;2;0;0;1;1;B;1;179
21622;145B;Netz Ost;K1;1;0;0;2;0;2;0;0;1;1;B;1;47
21623;146;Netz Nord;K1;1;0;0;8;0;8;0;0;4;1;B;2;179
21629;103/131;Netz Mitte;K1;1;0;1;0;0;1;0;0;0,5;0;A;2;77
21655;130;Netz West;K10;1;0;306;333;242;881;0;0;440,5;0;A;12;700
21655;130;Netz West;K10;1;0;439;452;336;1227;0;0;613,5;0;A;17;685
21661;145B;Netz Ost;K5;1;0;0;14;0;14;0;0;7;1;B;3;422
21689;103;Netz Mitte;K1;1;0;14;0;0;14;0;0;7;1;B;4;134
21701;104;Netz Ost;K1;1;0;1;2;0;3;0;0;1,5;1;A;1;159
21703;131;Netz Mitte;K1;1;0;9;2;0;11;0;0;5,5;0;B;4;189
21703;134;Netz Nord;K1;1;0;0;14;0;14;0;0;7;0;B;4;187
21704;130;Netz West;K1;1;0;0;0;0;0;0;0;0;1;B;3;55
21793;103;Netz Mitte;K1;1;0;2;0;0;2;0;0;1;1;B;2;57
21826;103;Netz Mitte;K1;1;0;2;0;0;2;0;0;1;0;A;3;132
21827;131;Netz Mitte;K1;1;0;1;0;6;7;0;0;3,5;1;A;4;155
21827;134;Netz Nord;K5;1;0;0;18;0;18;0;0;9;0;A;4;518
21836;104;Netz Ost;K1;1;0;2;0;0;2;0;0;1;1;B;3;56
21841;104;Netz Ost;K1;1;0;0;0;0;0;0;0;0;1;B;2;10
21845;103;Netz Mitte;K1;1;0;17;0;0;17;0;0;8,5;1;B;6;89
21880;103;Netz Mitte;K1;1;0;2;0;0;2;0;0;1;1;B;3;56
21882;145A;Netz Ost;K1;1;0;2;0;0;2;0;2;2;1;B;5;134
21883;145A;Netz Ost;K1;1;0;2;0;0;2;0;2;2;1;B;7;151
21886;103;Netz Mitte;K1;1;0;1;0;0;1;0;0;0,5;1;A;2;148
21886;130;Netz West;K1;1;0;0;0;0;0;0;0;0;0;A;2;101
21892;145A;Netz Ost;K1;1;0;0;0;0;0;0;0;0;1;B;5;73
21896;103;Netz Mitte;K1;1;0;1;0;0;1;0;0;0,5;1;B;2;68
21897;134;Netz Nord;K1;1;0;2;4;0;6;0;0;3;1;B;2;171
21897;131;Netz Mitte;K1;1;0;2;2;0;4;0;0;2;0;B;2;138
21898;134;Netz Nord;K10;1;0;9;36;0;45;0;0;22,5;1;B;6;603
21898;131;Netz Mitte;K10;1;0;16;1;0;17;0;0;8,5;0;B;2;547
21898;134;Netz Nord;K1;1;0;0;3;0;3;0;0;1,5;0;B;1;174
21898;131;Netz Mitte;K1;1;0;0;0;0;0;0;0;0;0;B;1;156
21899;134;Netz Nord;K1;1;0;0;0;0;0;0;0;0;1;B;6;150
21899;131;Netz Mitte;K1;1;0;6;0;0;6;0;0;3;0;B;2;126
21950;145B;Netz Ost;Ad-hoc, K1;1;0;4;9;0;13;0;0;6,5;1;F;5;226
21974;104;Netz Ost;K1;1;1;0;0;0;1;0;0;0,5;1;A;3;114
21976;103;Netz Mitte;K1;1;0;5;0;0;5;0;0;2,5;1;A;2;138
21976;130;Netz West;K1;1;0;0;0;0;0;0;0;0;0;A;2;61
21977;103;Netz Mitte;K1;1;0;0;0;0;0;0;0;0;1;A;3;9
21999;103;Netz Mitte;K1;1;0;2;0;0;2;0;0;1;1;B;6;57
22031;131;Netz Mitte;K1;1;0;6;2;0;8;0;0;4;1;A;6;177
22031;134;Netz Nord;K1;1;0;1;0;0;1;0;0;0,5;0;A;6;145
22035;104;Netz Ost;K1;1;0;0;4;0;4;0;0;2;1;A;3;47
22039;104;Netz Ost;K1;1;0;2;8;0;10;0;0;5;1;B;2;164
22043;104;Netz Ost;K1;1;0;0;32;0;32;0;0;16;1;A;1;167
22043;145A;Netz Ost;K1;1;0;0;0;0;0;0;0;0;0;A;1;5
22043;104;Netz Ost;K5;1;0;0;380;0;380;0;0;190;0;A;14;462
22043;145A;Netz Ost;K1;1;0;0;0;0;0;0;0;0;0;A;14;5
22044;104;Netz Ost;K1;1;0;0;0;0;0;0;0;0;1;A;6;30
22046;104;Netz Ost;K5;1;0;22;68;1;91;0;0;45,5;1;A;5;536
22100;103/131;Netz Mitte;K1;1;0;0;2;0;2;0;0;1;1;A;4;159
22101;103;Netz Mitte;K1;1;0;4;2;1;7;0;0;3,5;1;A;2;189
22105;103;Netz Mitte;K1;1;0;1;0;0;1;0;0;0,5;1;B;2;88
22121;103;Netz Mitte;K1;1;0;0;0;0;0;0;0;0;1;A;3;15
22126;145B;Netz Ost;K10;1;0;0;1310;0;1310;0;0;655;1;A;18;546
22126;145B;Netz Ost;K1;1;0;0;0;0;0;0;0;0;0;A;18;53
22126;145B;Netz Ost;K5;1;0;0;2249;0;2249;0;0;1124,5;0;A;31;520
22126;145B;Netz Ost;K1;1;0;0;0;0;0;0;0;0;0;A;31;6
22126;145B;Netz Ost;K5;1;0;0;2;0;2;0;0;1;0;A;1;459
22134;145A;Netz Ost;K1;1;0;0;0;0;0;0;0;0;0;A;21;5
22134;145A;Netz Ost;K5;1;0;0;263;0;263;0;0;131,5;1;A;29;586
22149;134;Netz Nord;K1;1;0;1;0;0;1;0;0;0,5;1;B;1;60
22152;130;Netz West;K1;1;0;0;0;1;1;0;0;0,5;1;B;2;133
22166;134;Netz Nord;K5;1;0;0;0;0;0;0;0;0;1;A;9;433
22166;131;Netz Mitte;K1;1;0;0;0;0;0;0;0;0;0;A;9;95
22167;131;Netz Mitte;K1;1;0;4;0;4;8;0;0;4;1;A;3;48
22170;103;Netz Mitte;K1;1;0;2;2;0;4;0;0;2;1;A;2;174
22170;133;Netz Nord;K1;1;0;2;0;0;2;0;0;1;0;A;2;107
22171;103;Netz Mitte;K1;1;0;0;11;0;11;0;0;5,5;0;A;2;154
22171;134;Netz Nord;K1;1;0;0;4;0;4;0;0;2;0;A;2;153
22171;145B;Netz Ost;K1;1;0;0;0;0;0;0;0;0;1;A;2;73
22171;146;Netz Nord;K1;1;0;0;4;0;4;0;0;2;0;A;2;163
22178;131;Netz Mitte;K5;1;0;51;0;0;51;0;0;25,5;0;A;11;428
22178;131;Netz Mitte;K5;1;0;113;0;0;113;0;0;56,5;0;A;20;418
22179;103;Netz Mitte;K1;1;0;1;0;0;1;0;0;0,5;1;A;2;25
22180;130;Netz West;K10;1;0;7;48;11;66;0;0;33;1;A;9;621
22186;104;Netz Ost;K1;1;3;7;0;0;10;0;0;5;0;A;7;138
22188;104;Netz Ost;K1;1;0;0;0;0;0;0;0;0;0;A;11;10
22189;104;Netz Ost;K1;1;3;0;4;0;7;0;0;3,5;0;A;6;191
22189;140;Netz Ost;K1;1;0;0;0;0;0;0;0;0;0;A;6;141
22190;104;Netz Ost;K1;1;0;2;2;0;4;0;0;2;1;A;2;177
22192;104;Netz Ost;K1;1;0;1;4;0;5;0;0;2,5;1;A;3;173
22203;104;Netz Ost;K1;1;1;0;0;0;1;0;0;0,5;1;A;17;116
22205;103;Netz Mitte;K1;1;0;0;0;0;0;0;0;0;1;B;4;57
22227;103;Netz Mitte;K1;1;0;3;0;0;3;0;0;1,5;1;A;2;45
22228;103;Netz Mitte;K1;1;0;4;0;0;4;0;0;2;1;A;2;48
22230;130;Netz West;K1;1;0;4;0;0;4;0;0;2;1;A;2;50
22230;103;Netz Mitte;K1;1;0;5;4;0;9;0;0;4,5;0;A;2;40
22232;103;Netz Mitte;K1;1;0;0;0;0;0;0;0;0;1;A;2;14
22281;103;Netz Mitte;K1;1;0;0;0;0;0;0;0;0;1;A;3;10
22282;103;Netz Mitte;K1;1;0;0;0;0;0;0;0;0;1;A;8;15
22288;103;Netz Mitte;K1;1;0;1;0;0;1;0;0;0,5;1;A;1;45
22291;130;Netz West;K5;1;0;11;4;3;18;0;0;9;1;A;8;454
22292;103;Netz Mitte;K1;1;0;2;0;0;2;0;0;1;1;B;2;52
22298;103;Netz Mitte;K1;1;0;1;1;0;2;0;0;1;1;B;5;72
22322;134;Netz Nord;K1;1;0;3;6;0;9;0;0;4,5;1;B;2;176
22322;131;Netz Mitte;K1;1;0;1;0;0;1;0;0;0,5;0;B;2;109
22326;145B;Netz Ost;K1;1;0;0;3;0;3;0;0;1,5;1;B;2;171
22326;145B;Netz Ost;K1;1;0;0;7;0;7;0;0;3,5;0;B;4;160
22333;103;Netz Mitte;K5;1;0;8;57;0;65;0;0;32,5;0;A;3;595
22336;130;Netz West;K5;1;0;0;18;2;20;0;0;10;1;A;3;593
22385;103/131;Netz Mitte;K1;1;0;0;0;0;0;0;0;0;1;A;2;59
22386;103;Netz Mitte;K5;1;0;0;6;0;6;0;0;3;1;A;1;489
22387;103/131;Netz Mitte;K10;1;0;87;208;81;376;43;55;215,5;1;A;8;672
22387;103;Netz Mitte;K1;1;0;0;0;0;0;0;0;0;0;A;3;93
22404;131;Netz Mitte;K1;1;0;0;0;0;0;0;0;0;1;B;2;14
22406;131;Netz Mitte;K1;1;0;0;2;0;2;0;0;1;1;B;2;156
22406;134;Netz Nord;K1;1;0;0;4;0;4;0;0;2;0;B;2;150
22411;130;Netz West;K1;1;0;0;0;0;0;0;0;0;1;A;6;147
22417;134;Netz Nord;K10;1;0;0;614;0;614;0;0;307;0;A;10;482
22418;104;Netz Ost;K5;1;0;0;32;0;32;0;0;16;0;A;1;451
22418;104;Netz Ost;K5;1;0;0;42;0;42;0;0;21;0;A;2;440
22419;104;Netz Ost;K1;1;0;1;0;0;1;0;0;0,5;1;A;1;132
22420;104;Netz Ost;K5;1;0;13;50;0;63;0;0;31,5;1;A;9;536
22423;140;Netz Ost;K1;1;0;0;4;0;4;0;0;2;1;B;3;161
22424;103;Netz Mitte;K1;1;0;0;0;0;0;0;0;0;1;B;1;10
22425;103;Netz Mitte;K1;1;0;0;0;0;0;0;0;0;1;B;1;10
22427;103;Netz Mitte;K1;1;0;0;0;0;0;0;0;0;1;B;2;10
22431;103;Netz Mitte;K1;1;0;0;0;0;0;0;0;0;1;B;2;15
22465;103;Netz Mitte;K1;1;0;0;2;0;2;0;0;1;1;B;2;51
22487;103;Netz Mitte;K1;1;0;0;0;0;0;0;0;0;1;A;3;58
22514;104;Netz Ost;K1;1;0;2;12;0;14;0;0;7;1;A;4;191
22540;104;Netz Ost;K1;1;0;0;4;0;4;0;0;2;1;A;2;158
22540;145B;Netz Ost;K1;1;0;0;0;0;0;0;0;0;0;A;2;72
22540;140;Netz Ost;K5;1;0;2;5;0;7;0;0;3,5;0;A;2;426
22541;104;Netz Ost;K1;1;0;0;6;0;6;0;0;3;1;A;3;168
22541;104;Netz Ost;K1;1;0;0;18;0;18;0;0;9;0;A;9;163
22542;103;Netz Mitte;K5;1;0;0;0;0;0;0;0;0;0;A;27;241
22546;146;Netz Nord;K1;1;0;6;0;0;6;0;0;3;1;B;4;169
22549;145B;Netz Ost;K1;1;0;0;2;0;2;0;0;1;1;B;1;175
22556;131;Netz Mitte;K1;1;0;0;0;2;2;0;0;1;1;B;3;120
22556;134;Netz Nord;K5;1;0;6;12;0;18;0;0;9;0;B;3;468
22558;131;Netz Mitte;K1;1;0;1;0;0;1;0;0;0,5;1;B;1;92
22565;134;Netz Nord;K5;1;0;0;263;0;263;0;0;131,5;1;A;21;469
22565;134;Netz Nord;K5;1;0;0;49;0;49;0;0;24,5;0;A;5;452
22566;134;Netz Nord;K1;1;0;0;5;0;5;0;0;2,5;1;A;2;159
22567;134;Netz Nord;K5;1;0;0;4;0;4;0;0;2;0;A;4;407
22569;135;Netz Nord;K5;1;0;0;372;0;372;0;0;186;1;A;11;532
22571;145A;Netz Ost;K5;1;0;0;8;0;8;0;0;4;1;A;2;427
22573;130;Netz West;K10;1;0;538;59;102;699;0;0;349,5;0;A;15;682
22611;103;Netz Mitte;K1;1;4;1;0;0;5;4;0;2,5;1;A;4;179
22612;103;Netz Mitte;K1;1;0;0;14;0;14;0;0;7;0;A;2;189
22612;130;Netz West;K1;1;0;0;3;0;3;0;0;1,5;0;A;2;185
22641;104;Netz Ost;K10;1;0;69;138;38;245;0;0;122,5;0;A;4;668
22642;140;Netz Ost;K5;1;0;0;4;0;4;0;0;2;1;A;14;485
22642;140;Netz Ost;K5;1;0;0;20;0;20;0;0;10;0;A;30;504
22642;140;Netz Ost;K5;1;0;0;4;0;4;0;0;2;0;A;6;474
22643;104;Netz Ost;K1;1;0;4;1;2;7;0;0;3,5;1;A;3;163
22644;104;Netz Ost;K5;1;0;0;330;0;330;0;0;165;0;A;12;467
22644;104;Netz Ost;K5;1;0;0;1116;0;1116;0;0;558;0;A;30;456
22644;104;Netz Ost;K5;1;0;0;78;0;78;0;0;39;0;A;6;461
22645;131;Netz Mitte;K1;1;0;0;4;0;4;0;0;2;1;B;4;159
22645;134;Netz Nord;K5;1;0;0;8;0;8;0;0;4;0;B;4;416
22646;145A;Netz Ost;K1;1;0;0;8;0;8;0;0;4;1;B;2;171
22649;131;Netz Mitte;K1;1;0;1;0;0;1;0;0;0,5;1;B;1;69
22649;134;Netz Nord;K1;1;0;2;0;0;2;0;0;1;0;B;1;119
22651;146;Netz Nord;K5;1;0;0;364;0;364;0;0;182;0;A;6;586
22652;104;Netz Ost;K1;1;0;0;0;0;0;0;0;0;1;A;2;61
22652;140;Netz Ost;K1;1;0;0;0;0;0;0;0;0;0;A;2;46
22652;145A;Netz Ost;K1;1;0;0;0;0;0;0;0;0;0;A;2;46
22652;145B;Netz Ost;K1;1;0;0;0;0;0;0;0;0;0;A;2;45
22653;104;Netz Ost;K1;1;0;0;9;0;9;0;0;4,5;1;A;2;192
22653;140;Netz Ost;K1;1;0;0;2;0;2;0;0;1;0;A;2;166
22653;145A;Netz Ost;K1;1;0;0;5;0;5;0;0;2,5;0;A;2;187
22653;145B;Netz Ost;K1;1;0;0;0;0;0;0;0;0;0;A;2;103
22684;104;Netz Ost;K1;1;0;0;0;0;0;0;0;0;0;A;1;5
22684;104;Netz Ost;K1;1;1;0;0;0;1;0;0;0,5;1;A;1;114
22702;145B;Netz Ost;K1;1;0;1;3;0;4;0;0;2;1;B;2;174
22735;134;Netz Nord;K1;1;0;0;4;0;4;0;0;2;1;B;2;164
22735;146;Netz Nord;K1;1;0;0;4;0;4;0;0;2;0;B;2;153
22736;145B;Netz Ost;K1;1;0;0;3;1;4;0;0;2;1;B;2;184
22736;103;Netz Mitte;K1;1;0;0;1;0;1;0;0;0,5;0;B;2;151
22752;130;Netz West;K10;1;0;104;63;166;333;0;0;166,5;0;A;12;764
22752;130;Netz West;K10;1;0;122;76;200;398;0;0;199;0;A;8;754
22753;130;Netz West;K1;1;0;5;0;5;10;0;0;5;0;A;6;48
22754;131;Netz Mitte;K1;1;0;44;0;0;44;0;0;22;0;A;9;133
22754;131;Netz Mitte;K1;1;0;154;0;0;154;0;0;77;0;A;30;122
22754;131;Netz Mitte;K1;1;0;56;0;0;56;0;0;28;0;A;11;86
22755;104;Netz Ost;K1;1;0;0;0;0;0;0;0;0;1;B;5;14
22756;104;Netz Ost;K1;1;0;7;0;0;7;0;0;3,5;1;B;3;59
22756;104;Netz Ost;K1;1;0;38;0;0;38;0;0;19;0;A;17;44
22757;134;Netz Nord;K5;1;0;0;0;0;0;0;0;0;1;A;2;471
22757;131;Netz Mitte;K1;1;0;4;0;0;4;0;0;2;0;A;2;127
22757;134;Netz Nord;K1;1;0;1;0;0;1;0;0;0,5;0;A;1;122
22757;131;Netz Mitte;K1;1;0;0;0;1;1;0;0;0,5;0;A;1;122
22840;103;Netz Mitte;K1;1;0;2;0;0;2;0;0;1;1;A;1;137
22842;103;Netz Mitte;K5;1;0;0;10;0;10;0;0;5;0;A;1;481
22842;130;Netz West;K1;1;0;0;1;0;1;0;0;0,5;0;A;1;161
22865;103;Netz Mitte;K1;1;0;6;0;0;6;0;0;3;1;B;8;10
22869;103;Netz Mitte;K5;1;26;8;0;0;34;26;26;30;1;B;20;525
22877;103;Netz Mitte;K1;1;0;0;0;0;0;0;0;0;1;B;4;79
22877;134;Netz Nord;K1;1;0;0;0;0;0;0;0;0;0;B;4;69
22877;146;Netz Nord;K1;1;0;0;0;0;0;0;0;0;0;B;4;68
22881;104;Netz Ost;K1;1;0;0;6;0;6;0;0;3;1;A;2;156
22882;104;Netz Ost;K10;1;0;65;137;37;239;7;0;119,5;0;A;5;670
22885;103;Netz Mitte;K1;1;0;8;2;0;10;0;0;5;1;A;3;182
22886;104;Netz Ost;K1;1;0;0;0;0;0;0;0;0;1;B;2;14
22887;103;Netz Mitte;K1;1;0;1;2;0;3;0;0;1,5;1;A;2;171
22888;103;Netz Mitte;K1;1;0;4;0;0;4;0;0;2;1;A;6;155
22948;104;Netz Ost;K5;1;0;0;0;0;0;0;0;0;1;A;2;303
22973;145A;Netz Ost;K1;1;0;0;6;0;6;0;0;3;1;A;2;158
23001;103;Netz Mitte;K1;1;1;2;2;0;5;0;0;2,5;1;A;2;141
23001;130;Netz West;K1;1;0;0;0;0;0;0;0;0;0;A;2;6
23003;103;Netz Mitte;K1;1;0;0;2;0;2;0;0;1;1;A;1;153
23008;130;Netz West;K10;1;0;336;509;0;845;0;0;422,5;1;A;19;696
23009;130;Netz West;K1;1;0;5;0;0;5;0;0;2,5;1;A;5;194
23010;130;Netz West;K1;1;0;1;0;0;1;0;0;0,5;1;A;2;59
23012;104;Netz Ost;K10;1;0;40;219;0;259;11;0;129,5;0;A;6;667
23013;134;Netz Nord;Ad-hoc, K1;1;0;0;1;0;1;0;0;0,5;1;F;1;196
23018;103/131;Netz Mitte;K1;1;0;1;0;0;1;0;0;0,5;1;B;1;129
23035;103;Netz Mitte;K1;1;0;0;0;0;0;0;0;0;1;A;2;54
23037;103;Netz Mitte;K1;1;0;4;2;0;6;0;0;3;1;A;2;166
23040;130;Netz West;K10;1;0;0;0;0;0;0;0;0;0;A;9;1269
23040;103/131;Netz Mitte;K1;1;0;0;0;0;0;0;0;0;0;A;9;42
23040;130;Netz West;K10;1;0;55;13;3;71;0;0;35,5;0;A;11;153
23040;103/131;Netz Mitte;K1;1;0;5;2;0;7;0;0;3,5;0;A;11;81
23041;104;Netz Ost;K1;1;0;10;0;0;10;0;0;5;1;A;6;53
23042;104;Netz Ost;K1;1;0;1;2;1;4;0;0;2;1;A;10;191
23042;104;Netz Ost;K1;1;0;0;0;0;0;0;0;0;0;A;6;5
23044;134;Netz Nord;K1;1;0;0;2;0;2;0;0;1;1;B;2;159
23044;131;Netz Mitte;K1;1;0;1;0;0;1;0;0;0,5;0;B;2;124
23052;103;Netz Mitte;K1;1;0;0;0;0;0;0;10;5;1;A;2;10
23055;130;Netz West;K1;1;0;0;1;0;1;0;0;0,5;1;A;2;62
23077;103;Netz Mitte;K1;1;1;0;0;0;1;0;0;0,5;1;B;9;19
23127;130;Netz West;K10;1;0;63;89;3;155;0;0;77,5;0;A;7;279
23127;130;Netz West;K10;1;0;18;34;2;54;0;0;27;0;A;5;17
23142;145A;Netz Ost;K1;1;0;0;5;0;5;0;0;2,5;1;A;2;145
23156;103;Netz Mitte;K1;1;0;7;0;0;7;0;0;3,5;1;B;2;71
23157;103;Netz Mitte;K1;1;0;0;11;0;11;0;0;5,5;0;A;2;118
23157;130;Netz West;K10;1;0;0;3;0;3;0;0;1,5;0;A;2;1355
23173;104;Netz Ost;K1;1;0;6;0;0;6;0;0;3;1;B;3;47
23207;103;Netz Mitte;K1;1;0;0;0;0;0;0;0;0;1;B;3;13
23209;145A;Netz Ost;K1;1;0;0;4;0;4;0;0;2;1;A;2;108
23231;145B;Netz Ost;K1;1;0;2;0;0;2;0;0;1;1;B;2;18
23235;130;Netz West;K1;1;0;2;0;0;2;0;0;1;1;B;5;39
23290;103;Netz Mitte;K1;1;0;0;10;0;10;0;15;12,5;1;B;2;152
23313;134;Netz Nord;K1;1;0;0;1;0;1;0;0;0,5;1;B;1;174
23313;146;Netz Nord;K1;1;0;0;2;0;2;0;0;1;0;B;1;162
23323;103;Netz Mitte;K1;1;0;4;0;0;4;0;0;2;1;B;1;94
23351;103;Netz Mitte;K1;1;0;1;0;0;1;0;0;0,5;1;B;1;89
23395;103;Netz Mitte;K1;1;0;1;0;0;1;0;0;0,5;1;B;2;94
23395;130;Netz West;K1;1;0;1;0;0;1;0;0;0,5;0;B;2;80
23401;146;Netz Nord;K1;1;0;0;12;0;12;0;0;6;1;B;3;174
23414;131;Netz Mitte;K1;1;0;1;0;0;1;0;0;0,5;1;B;1;71
23414;134;Netz Nord;K1;1;0;0;0;0;0;0;0;0;0;B;1;45
23415;104;Netz Ost;K1;1;0;0;0;0;0;0;0;0;1;B;1;51
23416;104;Netz Ost;K1;1;0;3;0;0;3;0;0;1,5;1;B;2;11
23428;131;Netz Mitte;K1;1;0;1;0;0;1;0;0;0,5;1;B;2;95
23429;134;Netz Nord;K1;1;0;0;0;0;0;0;0;0;0;B;1;42
23433;146;Netz Nord;K1;1;0;0;10;0;10;0;0;5;1;A;2;174
23443;134;Netz Nord;K1;1;0;0;4;0;4;0;0;2;1;B;2;176
23443;146;Netz Nord;K1;1;0;0;5;0;5;0;0;2,5;0;B;2;165
23455;103;Netz Mitte;K1;1;0;0;2;0;2;0;0;1;1;B;3;51
23463;104;Netz Ost;K1;1;1;0;0;0;1;0;0;0,5;1;B;1;128
23467;104;Netz Ost;K1;1;0;2;0;0;2;0;0;1;1;B;2;58
23523;103;Netz Mitte;K1;1;0;2;0;0;2;0;0;1;1;B;2;19
23529;104;Netz Ost;K1;1;0;1;6;0;7;0;0;3,5;1;B;4;164
23533;103;Netz Mitte;K1;1;0;0;0;0;0;0;0;0;1;B;3;51
23538;146;Netz Nord;Ad-hoc, K1;1;0;0;4;0;4;0;0;2;1;F;2;225
23538;146;Netz Nord;Ad-hoc, K1;1;0;0;0;0;0;0;0;0;0;F;2;42
23563;104;Netz Ost;K1;1;0;19;0;0;19;0;0;9,5;1;B;3;52
23606;103;Netz Mitte;K1;1;0;0;0;0;0;0;0;0;1;B;1;59
23627;103;Netz Mitte;K1;1;1;0;0;0;1;0;0;0,5;1;B;1;35
23630;103;Netz Mitte;K1;1;0;0;0;0;0;0;0;0;0;B;1;45
23630;103;Netz Mitte;K1;1;0;3;0;0;3;0;0;1,5;1;B;1;55
23638;130;Netz West;K1;1;0;0;0;0;0;0;0;0;1;B;2;54
23685;103;Netz Mitte;K1;1;0;0;0;0;0;0;0;0;1;B;2;17
23693;104;Netz Ost;K1;1;0;1;0;0;1;0;0;0,5;1;B;1;41
23694;104;Netz Ost;K1;1;0;0;0;0;0;0;0;0;1;B;1;58
23694;104;Netz Ost;K1;1;0;0;0;0;0;0;0;0;0;B;1;43
23731;140;Netz Ost;K5;1;0;1;2;0;3;0;0;1,5;1;B;2;479
23732;130;Netz West;K1;1;0;0;0;0;0;0;0;0;1;B;6;56
23734;103;Netz Mitte;K1;1;0;1;0;0;1;0;0;0,5;1;B;3;57
23739;145B;Netz Ost;K1;1;0;0;0;0;0;0;0;0;1;B;5;60
23742;103;Netz Mitte;K1;1;0;1;0;0;1;0;0;0,5;1;B;2;56
23788;104;Netz Ost;K1;1;0;4;9;0;13;0;0;6,5;1;B;7;175
23788;104;Netz Ost;K1;1;0;2;1;0;3;0;0;1,5;0;B;1;157
23821;104;Netz Ost;K5;1;0;0;0;0;0;0;0;0;1;B;2;306
23835;103/131;Netz Mitte;K1;1;0;0;0;0;0;0;0;0;1;B;1;59
23835;145B;Netz Ost;K1;1;0;0;0;0;0;0;0;0;0;B;1;45
23836;103;Netz Mitte;K1;1;0;1;0;0;1;0;0;0,5;1;B;1;60
23836;145B;Netz Ost;K1;1;0;0;0;0;0;0;0;0;0;B;1;45
23838;103;Netz Mitte;K1;1;0;1;0;0;1;0;0;0,5;1;B;3;93
23839;103;Netz Mitte;K1;1;0;0;1;0;1;0;0;0,5;1;B;1;159
23842;103;Netz Mitte;K1;1;0;1;0;0;1;0;0;0,5;1;B;1;61
23850;103;Netz Mitte;K1;1;0;1;0;0;1;0;0;0,5;1;B;1;55
23851;103;Netz Mitte;K1;1;0;2;0;0;2;0;0;1;1;B;8;55
23911;103;Netz Mitte;K1;1;0;0;0;0;0;0;0;0;1;B;1;51
23912;134;Netz Nord;K1;1;0;3;0;0;3;0;0;1,5;1;B;3;118
23913;131;Netz Mitte;K1;1;0;0;18;0;18;0;0;9;1;B;14;159
23914;103;Netz Mitte;K1;1;0;0;0;0;0;0;0;0;1;B;2;54
23915;146;Netz Nord;K1;1;0;0;0;0;0;0;0;0;1;B;3;18
23917;131;Netz Mitte;K1;1;0;0;2;0;2;0;0;1;1;B;1;143
23918;131;Netz Mitte;K1;1;0;1;0;0;1;0;0;0,5;1;B;1;101
23918;134;Netz Nord;K1;1;0;0;0;0;0;0;0;0;0;B;1;71
23946;103;Netz Mitte;K1;1;0;1;0;0;1;0;0;0,5;1;B;1;18
23968;103;Netz Mitte;K1;1;0;0;0;0;0;0;0;0;0;B;1;50
23974;103;Netz Mitte;K1;1;0;1;0;0;1;0;0;0,5;0;B;2;90
23977;103;Netz Mitte;K1;1;0;0;0;0;0;0;0;0;0;B;3;45
23979;103;Netz Mitte;K1;1;0;1;0;0;1;0;0;0,5;0;B;7;85
23980;103;Netz Mitte;K1;1;0;0;0;0;0;0;0;0;0;B;2;46
23983;103;Netz Mitte;K1;1;0;0;0;0;0;0;0;0;0;B;2;45
23988;103;Netz Mitte;K1;1;0;1;0;0;1;0;0;0,5;1;B;1;61
23999;104;Netz Ost;K1;1;1;2;0;0;3;1;0;1,5;1;B;3;164
24061;145B;Netz Ost;K1;1;0;0;8;0;8;1;0;4;1;B;2;169
24103;140;Netz Ost;K1;1;0;0;3;0;3;0;0;1,5;1;B;4;163
24125;103;Netz Mitte;K1;1;0;1;0;0;1;0;0;0,5;1;B;2;18
24136;103;Netz Mitte;K1;1;6;2;0;0;8;0;0;4;0;B;2;51
24149;103;Netz Mitte;K1;1;0;0;3;0;3;0;0;1,5;1;B;2;78
24150;145B;Netz Ost;K1;1;0;4;12;0;16;0;0;8;1;B;6;113
24151;130;Netz West;K1;1;0;2;0;0;2;0;0;1;1;B;5;53
24171;103;Netz Mitte;K5;1;184;0;0;0;184;184;184;184;1;B;4;411
24187;104;Netz Ost;K1;1;0;7;0;0;7;0;0;3,5;1;B;3;83
24189;104;Netz Ost;K1;1;0;3;4;0;7;0;0;3,5;1;B;5;111
24195;134;Netz Nord;K1;1;0;0;1;0;1;0;0;0,5;1;B;1;108
24196;145A;Netz Ost;K1;1;0;0;2;0;2;0;0;1;1;B;1;113
24231;103;Netz Mitte;K1;1;0;2;0;0;2;0;0;1;1;B;2;13
24234;103;Netz Mitte;K1;1;0;4;0;0;4;0;0;2;1;B;1;13
24237;104;Netz Ost;K1;1;0;2;2;0;4;0;0;2;1;B;2;103
31101;131;Netz Mitte;Jahres-Fpl.;2;0;0;0;0;0;0;0;0;0;J-SEV;22;21
31102;131;Netz Mitte;Jahres-Fpl.;2;0;0;0;0;0;0;0;0;0;J-SEV;22;21
31103;131;Netz Mitte;Jahres-Fpl.;2;0;0;0;0;0;0;0;0;0;J-SEV;22;21
31104;131;Netz Mitte;Jahres-Fpl.;2;0;0;0;0;0;0;0;0;0;J-SEV;22;21
31105;131;Netz Mitte;Jahres-Fpl.;2;0;0;0;0;0;0;0;0;0;J-SEV;29;21
31106;131;Netz Mitte;Jahres-Fpl.;2;0;0;0;0;0;0;0;0;0;J-SEV;8;16
31107;131;Netz Mitte;Jahres-Fpl.;2;0;0;0;0;0;0;0;0;0;J-SEV;22;21
31108;131;Netz Mitte;Jahres-Fpl.;2;0;0;0;0;0;0;0;0;0;J-SEV;29;21
31109;131;Netz Mitte;Jahres-Fpl.;2;0;0;0;0;0;0;0;0;0;J-SEV;22;21
31110;131;Netz Mitte;Jahres-Fpl.;2;0;0;0;0;0;0;0;0;0;J-SEV;29;21
31111;131;Netz Mitte;Jahres-Fpl.;2;0;0;0;0;0;0;0;0;0;J-SEV;22;21
31112;131;Netz Mitte;Jahres-Fpl.;2;0;0;0;0;0;0;0;0;0;J-SEV;1;21
31201;134;Netz Nord;Jahres-Fpl.;2;0;0;0;0;0;0;0;0;0;J-SEV;22;21
31202;134;Netz Nord;Jahres-Fpl.;2;0;0;0;0;0;0;0;0;0;J-SEV;22;21
31203;134;Netz Nord;Jahres-Fpl.;2;0;0;0;0;0;0;0;0;0;J-SEV;22;21
31204;134;Netz Nord;Jahres-Fpl.;2;0;0;0;0;0;0;0;0;0;J-SEV;22;21
31205;134;Netz Nord;Jahres-Fpl.;2;0;0;0;0;0;0;0;0;0;J-SEV;29;21
31206;134;Netz Nord;Jahres-Fpl.;2;0;0;0;0;0;0;0;0;0;J-SEV;8;21
31207;134;Netz Nord;Jahres-Fpl.;2;0;0;0;0;0;0;0;0;0;J-SEV;22;21
31208;134;Netz Nord;Jahres-Fpl.;2;0;0;0;0;0;0;0;0;0;J-SEV;29;21
31209;134;Netz Nord;Jahres-Fpl.;2;0;0;0;0;0;0;0;0;0;J-SEV;22;21
31210;134;Netz Nord;Jahres-Fpl.;2;0;0;0;0;0;0;0;0;0;J-SEV;29;21
31211;134;Netz Nord;Jahres-Fpl.;2;0;0;0;0;0;0;0;0;0;J-SEV;22;21
31212;134;Netz Nord;Jahres-Fpl.;2;0;0;0;0;0;0;0;0;0;J-SEV;1;21
31301;130;Netz West;Jahres-Fpl.;2;0;0;0;0;0;0;0;0;0;J-SEV;15;21
31301;130;Netz West;Jahres-Fpl.;2;0;0;0;0;0;0;0;0;0;J-SEV;15;6
31302;130;Netz West;Jahres-Fpl.;2;0;0;0;0;0;0;0;0;0;J-SEV;22;21
31303;130;Netz West;Jahres-Fpl.;2;0;0;0;0;0;0;0;0;0;J-SEV;22;16
31304;130;Netz West;Jahres-Fpl.;2;0;0;0;0;0;0;0;0;0;J-SEV;22;16
31305;130;Netz West;Jahres-Fpl.;2;0;0;0;0;0;0;0;0;0;J-SEV;29;16
31306;130;Netz West;Jahres-Fpl.;2;0;0;0;0;0;0;0;0;0;J-SEV;22;21
31307;130;Netz West;Jahres-Fpl.;2;0;0;0;0;0;0;0;0;0;J-SEV;22;21
31308;130;Netz West;Jahres-Fpl.;2;0;0;0;0;0;0;0;0;0;J-SEV;29;21
31309;130;Netz West;Jahres-Fpl.;2;0;0;0;0;0;0;0;0;0;J-SEV;22;21
31310;130;Netz West;Jahres-Fpl.;2;0;0;0;0;0;0;0;0;0;J-SEV;29;16
31311;130;Netz West;Jahres-Fpl.;2;0;0;0;0;0;0;0;0;0;J-SEV;22;16
31312;130;Netz West;Jahres-Fpl.;2;0;0;0;0;0;0;0;0;0;J-SEV;1;16
80289;131;Netz Mitte;K1;1;0;0;2;0;2;0;0;1;1;Bapsi;1;132
88639;131;Netz Mitte;K1;1;0;0;2;0;2;0;0;1;1;Bapsi;1;197
99005;145B;Netz Ost;Ad-hoc, K1;1;0;0;0;0;0;0;0;0;1;TP;2;49
99005;145B;Netz Ost;Ad-hoc, K1;1;0;0;0;0;0;0;0;0;0;TP;3;45
99005;145B;Netz Ost;Ad-hoc, K1;1;0;0;0;0;0;0;0;0;0;TP;3;35
99005;145B;Netz Ost;Ad-hoc, K1;1;0;0;0;0;0;0;0;0;0;TP;3;35
99007;145B;Netz Ost;Ad-hoc, K1;1;0;0;4;0;4;0;0;2;1;BNV;2;171
99007;145B;Netz Ost;Ad-hoc, K1;1;0;0;0;0;0;0;0;0;0;BNV;2;43
99008;146;Netz Nord;Ad-hoc, K5;1;0;0;0;0;0;0;0;0;1;TP;16;220
99009;146;Netz Nord;Ad-hoc, K10;1;0;0;269;0;269;0;0;134,5;1;BNV;7;322
99009;146;Netz Nord;Ad-hoc, K1;1;0;0;0;0;0;0;0;0;0;BNV;10;6
99009;146;Netz Nord;Ad-hoc, K10;1;0;0;78;0;78;0;0;39;0;BNV;3;312
99010;145A;Netz Ost;Ad-hoc, K1;1;0;0;6;0;6;0;0;3;1;TP;3;191
99012;145B;Netz Ost;Ad-hoc, K1;1;0;0;6;0;6;0;0;3;0;TP;4;180
99013;146;Netz Nord;Ad-hoc, K10;1;0;0;427;0;427;0;0;213,5;1;BNV;12;332
99013;146;Netz Nord;Ad-hoc, K1;1;0;0;0;0;0;0;0;0;0;BNV;12;5
99014;146;Netz Nord;Ad-hoc, K1;1;0;0;39;0;39;0;0;19,5;1;BNV;2;204
99014;146;Netz Nord;Ad-hoc, K1;1;0;0;0;0;0;0;0;0;0;BNV;2;5
99015;146;Netz Nord;K5;1;0;0;78;0;78;0;0;39;1;BNV;3;407
99015;146;Netz Nord;Ad-hoc, K1;1;0;0;0;0;0;0;0;0;0;BNV;3;5
99016;103;Netz Mitte;Ad-hoc, K5;1;0;0;4;0;4;0;0;2;1;F;2;424
99016;103;Netz Mitte;Ad-hoc, K1;1;0;0;0;0;0;0;0;0;0;BNV;2;5
99017;130;Netz West;K5;1;0;0;4;0;4;0;0;2;1;F;2;432
99018;146;Netz Nord;K10;3;0;0;1184;0;1184;0;0;592;1;Schleibr.;30;295
99018;146;Netz Nord;K5;3;0;0;0;0;0;0;0;0;0;Schleibr.;30;5
99018;146;Netz Nord;K10;3;0;0;435;0;435;0;0;217,5;0;Schleibr.;11;278
99018;146;Netz Nord;K5;3;0;0;0;0;0;0;0;0;0;Schleibr.;11;5
99018;146;Netz Nord;K10;3;0;0;0;0;0;0;0;0;1;Schleibr.;20;69
99018;146;Netz Nord;K5;3;0;0;0;0;0;0;0;0;0;Schleibr.;20;5
99019;145A;Netz Ost;K1;1;0;0;2;0;2;0;0;1;1;F;1;95
99020;146;Netz Nord;Ad-hoc, K1;1;0;0;2;0;2;0;0;1;1;F;1;191
AKN_01;133;Netz Nord;K1;3;0;0;0;0;0;0;0;0;1;A;1;14
AKN_16;133;Netz Nord;K1;3;0;0;0;0;0;0;0;0;1;A;2;9
AKN_16a;133;Netz Nord;K1;3;0;0;64;0;64;0;0;32;1;A;4;174
AKN_16b;133;Netz Nord;K1;3;0;0;64;0;64;0;0;32;1;A;4;169
AKN_16c;133;Netz Nord;K1;3;0;0;64;0;64;0;0;32;1;A;4;174
AKN_16d;133;Netz Nord;K1;3;0;0;64;0;64;0;0;32;1;A;4;169
AKN_16e;133;Netz Nord;K1;3;0;0;34;0;34;0;0;17;1;A;2;169
AKN_16e;133;Netz Nord;K1;3;0;0;30;0;30;0;0;15;0;A;2;158
AKN_23;133;Netz Nord;K1;3;0;0;64;0;64;0;0;32;1;A;4;169
Bündel 02.21.0007;131;Netz Mitte;K1;3;0;0;0;0;0;0;0;0;0;Bündel;29;5
Corona;103;Netz Mitte;K5;3;0;0;47;0;47;0;0;23,5;1;Corona;28;360
Halteverbot;104;Netz Ost;K1;3;0;0;0;0;0;0;0;0;0;Kosten;1;6
Halteverbot;135;Netz Nord;K1;3;0;0;0;0;0;0;0;0;0;Kosten;1;6
Streik;104;Netz Ost;K5;3;0;0;0;0;0;0;0;0;0;Streik;3;270
Streik;130;Netz West;K10;3;0;0;0;0;0;0;0;0;0;Streik;3;5
Streik;103;Netz Mitte;K5;3;0;0;0;0;0;0;0;0;1;Streik;3;224
Streik;140;Netz Ost;K5;3;0;0;0;0;0;0;0;0;0;Streik;3;270
Streik;145A;Netz Ost;K5;3;0;0;0;0;0;0;0;0;0;Streik;3;275
Streik;145B;Netz Ost;K5;3;0;0;0;0;0;0;0;0;0;Streik;3;275
Streik;131;Netz Mitte;K5;3;0;0;0;0;0;0;0;0;0;Streik;3;215
Streik;133;Netz Nord;K5;3;0;0;0;0;0;0;0;0;0;Streik;3;210
Streik;135;Netz Nord;K5;3;0;0;0;0;0;0;0;0;0;Streik;3;270
Streik;134;Netz Nord;K5;3;0;0;0;0;0;0;0;0;0;Streik;3;275
Streik;146;Netz Nord;K5;3;0;0;0;0;0;0;0;0;0;Streik;3;275
Streik;104;Netz Ost;K1;3;0;0;0;0;0;0;0;0;0;Streik;2;72
Streik;130;Netz West;K5;3;0;0;0;0;0;0;0;0;0;Streik;2;275
Streik;103;Netz Mitte;K1;3;0;0;0;0;0;0;0;0;1;Streik;2;56
Streik;140;Netz Ost;K1;3;0;0;0;0;0;0;0;0;0;Streik;2;72
Streik;145A;Netz Ost;K1;3;0;0;0;0;0;0;0;0;0;Streik;2;77
Streik;145B;Netz Ost;K1;3;0;0;0;0;0;0;0;0;0;Streik;2;77
Streik;131;Netz Mitte;K1;3;0;0;0;0;0;0;0;0;0;Streik;2;47
Streik;133;Netz Nord;K1;3;0;0;0;0;0;0;0;0;0;Streik;2;42
Streik;135;Netz Nord;K1;3;0;0;0;0;0;0;0;0;0;Streik;2;72
Streik;134;Netz Nord;K1;3;0;0;0;0;0;0;0;0;0;Streik;2;77
Streik;146;Netz Nord;K1;3;0;0;0;0;0;0;0;0;0;Streik;2;77
Streik;104;Netz Ost;K5;3;0;0;0;0;0;0;0;0;0;Streik;6;240
Streik;130;Netz West;K5;3;0;0;0;0;0;0;0;0;0;Streik;6;245
Streik;103;Netz Mitte;K1;3;0;0;0;0;0;0;0;0;1;Streik;6;56
Streik;140;Netz Ost;K1;3;0;0;0;0;0;0;0;0;0;Streik;6;57
Streik;145A;Netz Ost;K1;3;0;0;0;0;0;0;0;0;0;Streik;6;62
Streik;145B;Netz Ost;K1;3;0;0;0;0;0;0;0;0;0;Streik;6;62
Streik;131;Netz Mitte;K1;3;0;0;0;0;0;0;0;0;0;Streik;6;47
Streik;133;Netz Nord;K1;3;0;0;0;0;0;0;0;0;0;Streik;6;42
Streik;135;Netz Nord;K1;3;0;0;0;0;0;0;0;0;0;Streik;6;57
Streik;134;Netz Nord;K1;3;0;0;0;0;0;0;0;0;0;Streik;6;62
Streik;146;Netz Nord;K1;3;0;0;0;0;0;0;0;0;0;Streik;6;62
Weichenarbeiten;103;Netz Mitte;K5;3;0;0;0;0;0;0;0;0;0;Kosten;3;215
Weichenarbeiten;145B;Netz Ost;K5;3;0;0;0;0;0;0;0;0;0;Kosten ;3;210
Weichenarbeiten;133;Netz Nord;K5;3;0;0;0;0;0;0;0;0;0;Kosten;3;210
